source1_entity_id	matched_entity_ids
S1-740217544	S2-687777283,S2-700490838,S2-930524768,S3-294618628
S1-218859026	S2-523904893,S3-1463015,S3-552026473,S3-612306755
S1-91475809	
S1-119237040	
S1-527267146	S2-912783094
S1-639149249	S2-740863497,S3-401916459
S1-917692146	S2-383906581,S2-39261731,S2-552729095,S3-323155022,S3-412279540,S3-535391334,S3-686681118,S3-850412921,S3-909640622
S1-327522896	S2-796483039,S3-143114803,S3-622841536,S3-737586488,S3-783671587,S3-95982475
S1-939877245	S2-329590451
S1-374045779	
S1-592388086	S2-343926000,S2-553879012,S2-588223392,S3-225797493
S1-629947932	S3-948230082
S1-341435901	
S1-740537919	S2-348938129,S2-530272986,S2-812148346,S3-407703629,S3-665097892
S1-810843427	S2-112495459,S3-464382451
S1-586201918	
S1-715782406	S2-255522078,S2-33277065,S3-408249610,S3-721778541
S1-435236027	S2-983851230,S3-809410312
S1-801503566	S2-234241479,S2-43749132,S2-756879109,S2-847581709,S3-253645345
S1-491559676	S2-302381262,S2-640516803,S3-498796648,S3-534692581
S1-76433334	S2-703133741
S1-893221716	S2-162726956,S2-287119160
S1-51949553	S2-929493918,S3-242029098,S3-279001254
S1-679929967	S2-854653109
S1-104272161	S2-104946432,S2-631427843,S3-294122961
S1-860835473	S2-258342640,S2-606342123,S3-184331812,S3-446466282
S1-510945330	S3-271129575,S3-652878353,S3-658065082,S3-839615898
S1-714667202	S2-395966512,S2-506256812,S2-981373716,S3-560998590
S1-650250203	
S1-969912414	
S1-570110140	S2-848617308,S3-383323753,S3-486338300,S3-739781366
S1-810832411	S2-769143094,S2-798114994,S3-783921040,S3-84335326
S1-293464900	S2-535626196
S1-205155720	S2-245375913,S3-188695302,S3-708447420,S3-98669305
S1-983015718	S2-162605669,S3-648913022
S1-429752699	S2-728070425,S2-956668883,S3-156786878,S3-922247246
S1-42387942	S3-394726661,S3-592734630,S3-789165391
S1-361053466	S2-113609927,S3-954348045
S1-823995445	
S1-491963037	S2-325735746,S2-505185080,S3-601498011,S3-638106193
S1-334655819	S3-269817583,S3-33432801,S3-434339397,S3-461473568
S1-75766176	S3-138149718,S3-54812403,S3-764442734,S3-857619490
S1-156676481	S3-510333494,S3-956733824
S1-538172429	S2-87848522,S2-878625314,S3-542611554,S3-913557571
S1-328484868	S2-392865071,S2-740545769,S3-12888271,S3-577334831,S3-645561459
S1-759420881	S2-280059423,S2-939414724,S3-429964199,S3-803216576
S1-315151464	S2-711412167,S2-937181961,S3-696701128
S1-542392575	S2-230279007,S2-426644377,S3-216760335,S3-267268081,S3-57181682
S1-196021261	S2-434984281,S2-633952529,S3-123089033,S3-329839709
S1-336997723	
S1-475780462	S2-583159522,S3-333769538,S3-343005706
S1-355825506	S2-326049566,S3-104326312,S3-12621870,S3-726283719,S3-809893152,S3-982234834
S1-326878571	
S1-130607360	S2-725281890,S3-156336761
S1-392468643	S2-578978961,S3-313537536,S3-839358550
S1-92083820	
S1-571614447	S2-358903335,S3-125456814,S3-695718257,S3-770372410
S1-20363275	S2-300450250,S2-709637686,S3-552614104,S3-733786943,S3-975399217
S1-923638972	S2-184661326,S2-257434458,S3-379319611,S3-576948340
S1-412767091	S2-410234199,S2-482258780,S3-956047758
