bucket,count,share_of_bucketed_candidates,true_positive,false_positive,false_negative,precision,recall,bucket_entity_f0_5,overall_f0_5_if_bucket_errors_fixed,f0_5_impact_if_fixed
other_candidate,6542,0.3286281207615412,19,0,2,1.0,0.9047619047619048,0.9666666666666667,0.9577823222417042,0.005555555555555425
house_conflict,11638,0.5846184759129954,16,0,11,1.0,0.5925925925925926,0.9072712418300652,0.9856857365187162,0.03345896983256735
country_conflict,1271,0.06384688802933641,0,0,0,1.0,1.0,1.0,0.9522267666861488,0.0
dba,75,0.003767518963178781,67,0,8,1.0,0.8933333333333333,0.9136904761904764,0.964601898264179,0.012375131578030163
typo,68,0.0034158838599487617,60,0,8,1.0,0.8823529411764706,0.9357864357864358,0.9628657871530678,0.010639020466919002
postal_conflict,66,0.0033154166875973274,0,0,0,1.0,1.0,1.0,0.9522267666861488,0.0
city_extraction_failure,64,0.003214949515245893,64,0,0,1.0,1.0,1.0,0.9522267666861488,0.0
normalization_collision,43,0.002160044205555835,37,1,1,0.9736842105263158,0.9736842105263158,0.9230769230769231,0.9592077608381956,0.006980994152046782
same_name_different_address,39,0.0019591098608529663,25,1,2,0.9615384615384616,0.9259259259259259,0.9017857142857143,0.9600014116318465,0.007774644945697684
unseen_country_pattern,32,0.0016074747576229466,31,0,1,1.0,0.96875,0.9930069930069931,0.9531661118283925,0.0009393451422436971
same_address_different_name,24,0.00120560606821721,24,0,0,1.0,1.0,1.0,0.9522267666861488,0.0
franchise,18,0.0009042045511629076,7,0,2,1.0,0.7777777777777778,0.8703703703703705,0.9564926397020219,0.004265873015873112
address_reorder,13,0.0006530366202843221,13,0,0,1.0,1.0,1.0,0.9522267666861488,0.0
transliteration,6,0.0003014015170543025,5,0,1,1.0,0.8333333333333334,0.8,0.9531661118283925,0.0009393451422436971
missing_address,5,0.0002511679308785854,2,0,3,1.0,0.4,0.4,0.955103750813133,0.002876984126984228
generic_name,3,0.00015070075852715125,1,0,0,1.0,1.0,1.0,0.9522267666861488,0.0
