entity_id	business_name	business_address	country
S1-815445222	Kota Data Public Limited	Mukut Villa 4 Adarsh Nagar Bundi Road Kunhadi, Kota, Rajasthan	India
S1-576663502	Mosoft Legacy Cherry PLLC	6411 Lakeview Drive, Fairfax County, VA	US
S1-576794761	Jay (India) Welfare Co	Sco No-3, Farm House Road, Basant Avenue, Dugri, Ludhiana, Punjab	India
S1-605609570	Maulden Platinum	4101 348th Avenue, Town Of Wheatland, WI	US
S1-688756505	Gadyne Great Security Services Inc	6250 Renner Park Drive, Columbus, OH	US
S1-426311173	Saint Methodist Church	935 Main Street, Princeton, IN	US
S1-810493216	Total Metro Strategies LLC	3006 Lana Lane, Greenbrier, TN	US
S1-834268358	Western Magna Inc	37 Kirkham Road, Southeast, NY	US
S1-452304394	Clarksville Family Fellowship LLC	900 76, Clarksville, TN	US
S1-944637361	Platinum Pharmaceuticals Private Limited	Survey No. 748 P-13, Tal. Morbi (Dist. Rajkot), Ghuntu, Gujarat	India
S1-931247930	Macro Benefit Ltd	Vishwakarma Nagar, Building Number 05, Flat No. 102, Navghar, Thane, Maharashtra	India
S1-17153120	Division of Parks and Recreation	18 Forest Edge Trail, Lyburn, WV	US
S1-396205494	Pacific Fund II	4491 Agua Fria Drive, Prescott Valley, AZ	US
S1-839791547	Travel Vaishnavi Private Limited	5/9, Dairy Compound Manoramaganj, Indore, Madhya Pradesh	India
S1-770884055	Team Products Pvt Ltd	Meridian Hospital, Block No 46-D, Jawaharlal Nehru Salai, Madhavaram, Ambattur, Tiruvallur, Tamil Nadu	India
S1-993131629	Jorrie Belue Convertible	Unit B, Columbus, OH, 1103 Irongate Lane	US
S1-317912280	Sprague, Bailey & Folz Saratoga	413 10th St, Ames, IA	US
S1-345291794	Shelton Manulife of Bean Station	240 Simpson Lane, Bean Station, TN	US
S1-340529925	Tun, Ashli N., O.D., PC	65 Webb Street, Unit APT 1, Portland, ME	US
S1-728379718	Reliable Investment Industries Inc.	1101 Main Street, Unit STE 201, Bozeman, MT	US
S1-8466808	Orelee Fitzhugh Eagle Inc	11181 8000, Tridell, UT	US
S1-539499850	Vadodara Market Pvt. Ltd.	203, Vadodara, Privilege Avenue, Sarabhai Road, Opp. Isha Hospital, Vadodara, Gujarat	India
S1-419699465	Country Nursing Home Limited	Mumbai, 503 Om Siddhivinayak Sra Chs Ltd, Nariman Road Near Jain Mandir Vile Parle East, Maharashtra, Mumbai	India
S1-305433331	High Estate Private Limited	Office No. 302, D-35, Third Floor Laxmi Nagar, East Delhi, Delhi	India
S1-64243999	Alysa Amini, DDS, M.D., P.C.	1226 Buffalo Springs Turnpike, Amherst County, VA	US
S1-240105833	Bowerman Navigation Inc	1937 Youngston Road, Jarrettsville, MD	US
S1-242972899	Eastern Sunstone	551 Skyview Drive, West Carrollton, OH	US
S1-463597671	Fortune Healthcare	Iv/550A, Arampulickal Building, Chethackal P.O, Ranni, Pathanamthitta, Kerala	India
S1-611927223	QI Advanced Arrived	1379 Cottonwood Drive, Fort Sumner, NM	US
S1-761900985	Custom Payroll Technologies	11206 Hopson Road, Hanover County, VA	US
S1-897730108	Robertson Crystal Grid	6702 Cate Road, Powell, TN	US
S1-177939898	New Delhi Comtrade Private Limited	A-80 Malviya Nagar, New Delhi, South Delhi, Delhi	India
S1-705624512	Tirumalagiri Real Limited	P No102 & 103 Green Field, Singaipally Hakimpet, Tirumalagiri, Hyderabad, Telangana	India
S1-93778343	Dostal Top	NC, Wilmington, 301 Channel Haven Drive	US
S1-568851079	Swastik Engineering Private Limited	H.No.8/3/228/678/559 Srilakshmigana Pathinilayam, Kaimikanagar, Yusufguda, Hyderbad, Hyderabad, Telangana	India
S1-763636351	Romi Solutions Company	Villa No.50/B, Pearl Village, Masjid Banda, Botanical Garden Road, Kondapur, Hyderabad, Telangana	India
S1-732267154	Suryaesh Deposits Pvt Ltd	Bk No - 9/10, 1St Floor Rgk Bandlaguda, Hyderabad, Telangana	India
S1-817085338	Srp & Co	Lbs Marg Opp Shreyas Cinema Ghatkopar West, Maharashtra, Mumbai, B-616 6Th Floor Bhaveshwar Arcade Chs Ltd	India
S1-464437121	Internal Medicine Specialists	9317 750, IN, Huntington	US
S1-824628726	Vijay International Limited	C - 5, Shivaji Park Punjabi Bagh, New Delhi, Delhi	India
S1-513362536	Lucknow Greens Pvt Ltd	545Ka/Nk-498 Govind Nagar, Narpat Khera, Para, Manakn, Agar, Lucknow, Uttar Pradesh	India
S1-381188494	Custom Cargo Holdings	180 South Road, Chapel Hill, NC	US
S1-48769907	Bay Uranium, Inc	6800 Fleetwood Road, Unit CND 702, Fairfax County, VA	US
S1-901979815	Eilers Optimal Kimco Inc	21201 Oak Street, Matteson, IL	US
S1-779681837	Diia Assets	904 Worstell Lane, Fl 1, Columbia, MO	US
S1-618831064	Skipper Rerolling Private Limited	N0.609/7, 5 And 7, Syno.27, 28, Kaikondrahalli, Bangalore South, Bangalore, Karnataka	India
S1-504725648	Developers Khattar Covai Private Limited	H No.18, Sai Nagar Dabhawadi, Hingna, Nagpur, Maharashtra	India
S1-679746981	Gorr Resolution PC	29 Spring Valley Road, New Castle, NY	US
S1-374127306	Nexial Series Inc	342 Pennsylvania Avenue, Islip, NY	US
S1-317304550	Moore First Evo	1040 Delaware Street, Unit APT B1, Indianapolis, IN	US
S1-982300399	Rochell Braden, O.D., PC	1455 Howards Way, Fruit Heights, UT	US
S1-553919150	Eastern Animal Hospital Inc.	13 Conway Road, Newport News City, VA	US
S1-824608680	Reliable Packaging Advisors	Queen Creek, AZ, 21250 Stacey Road	US
S1-972329417	Dermatology Medicine	4217 Anthony Lane, Joliet, IL	US
S1-983194479	Red Marketing Limited	No.07 Lohgarh Road Near Mc Park, Zirakpur, Mohali, Punjab	India
S1-563799244	Kartavya India Limited	Prime Residency, 28, Southend Park, Ground Floor, Kolkata, Kolkata, Howrah, West Bengal	India
S1-754936975	Chennai Tradelink	2-1-565/3/A/1, Nallakunta, Musheerabad, Hyderabad, Telangana	India
S1-157083206	Riley, Beller & Koski	306 Queens Drive, Unit Apartment A, Kingsbury, NY	US
S1-889622175	Sullivan, Lawrence & Gallatin Safety	105 3rd Street, Gurdon, AR	US
S1-717215381	Validyne Interstate Intelligent	TN, Bartlett, 3645 Gillia Circle	US
S1-473096980	Granite LLC	100 South, West Salem, IL	US
S1-854427474	Betz, James and Quintana Morgan	435 Harlemville Road, Hillsdale, NY	US
S1-24241774	Pediatric Dental Health LLC	3204 Calloway Road, Raeford, NC	US
S1-20166717	Red Technology Private Limited	Plot No 489, Trijanga (New Siaria) Danagadi, Jajpur, Orissa	India
S1-604658100	Cascade Project	2670 500, Vernal, UT	US
S1-570965989	Anchor Athene	147 Milk Street, Unit 1, Westborough, MA	US
S1-852454788	Mars Ventures Ltd	Prop Of Kh. No. -471, Second Floor Right Portion, Village Mahipalpur, New Delhi, New Delhi, Delhi	India
S1-435067002	Ankur Sampling (India) Private Limited	A-501, Aqua Polaris, Yash Developer, Ahmadabad City, Ahmedabad, Gujarat	India
S1-555376730	Complete Yorkville Inc	1066 Highland Ave, Louisville, KY	US
S1-306279557	Desert Cascade Chicago LLC	154 Pawnee Avenue, Brookhaven, NY	US
S1-690452652	Williams, Eslinger & Jordan Evo Inc	Wadsworth, 14375 Oak Knoll Road, IL	US
S1-319894441	Bangalore Infrastructure Private Limited	No.79, Bsk 3Rd Stage, M Block, Bangalore, Karnataka	India
S1-632364240	My Creative Properties Pvt Ltd	608, Mid Town Heights, Anupam Society Jetalpur Road, Alkapuri, Vadodara, Gujarat	India
S1-82664033	Foundry	375 Magma Road, Golden Valley, AZ	US
S1-895530935	Primary Care Partners of Sacramento	34 Moonlit Circle, Sacramento, CA	US
S1-920548707	Al Linkages Private Limited	2126/2, Gali No. 3, Prem Nagar Patel Nagar, New Delhi, West Delhi, Delhi	India
S1-710412465	Setzer Trading	817 Ruddy Road, Madrid, NY	US
S1-102721964	Beeline Agro Private Limited	165, Samuel Street, 1St Floor, Masjid Bunder, Mumbai, Maharashtra	India
S1-394614786	Concord Youth Center	NC, 1884 Scarbrough Circle, Concord	US
S1-551246023	Longshoremen Union Local No 104	Schuylerville, 160 Broad Street, Unit Apartment C, NY	US
S1-943331918	Pediatric Dentistry Health LLC	535 Clay Taylor Holler Road, Dickenson County, VA	US
S1-629190707	Empire Park Associates	273 Newbury Street, Unit 5, Boston, MA	US
S1-576467489	Rosoft Corporation	2904 Blackstone Avenue, Saint Louis Park, MN	US
S1-295214439	Hatkanangle Security Private Limited	Hno 10/1083/1 Rajrajeshwa, Nagar Ichalkaranji, Hatkanangle, Kolhapur, Maharashtra	India
S1-291968673	Hernandez Aura of Columbus	2675 Trottersway Drive, Bldg 6, Columbus, OH	US
S1-763777201	Auctus Human (India) Private Limited	87 Kadam Sahab Ka Bada Janakganj, Hanuman Chauraha, Lashkar, Gwalior, Madhya Pradesh	India
S1-330999977	Heartland Charter School LLC	OH, 186 Crescent Drive, Akron	US
S1-227832931	I S Parten Fast	701 Laclede Station Road, Unit APT 302, Saint Louis, MO	US
S1-59877959	Wilson Rapid Cafe, Inc	3 Hazel Park, Everett, MA	US
S1-607973175	Alles Organic Private Limited	Bandra, Maharashtra, 1102, B & C Wing, C-66 G-Block, One Bkc, Bandra Kurla Complex, 11Th Floor, Mumbai	India
S1-576715323	Murphy Certified Braves	5638 Osage Lake Drive, Unit 3A, Mishawaka, IN	US
S1-324685703	High Best Solutions Pvt Ltd	C/O Ranjan Basak, Manaskamana Road Front Of Shanti Bharati Parishad, Malda, West Bengal	India
S1-217763103	Saint Israel	100 Clydesdale Drive, Pittsfield, MA	US
S1-903172460	National Network Inc.	463 Old Reading Pike, West Pottsgrove Township, PA	US
S1-647729567	Sree Constructions Pvt Ltd	1101 Bldg -5, Sapphire Heights, Akurli Rd Lokhandwala Township, Kandivali (E), Mumbai, Mumbai City, Maharashtra	India
S1-571584462	Sunrise Trading Private Limited	At And Po Mor Bhandariwad, Olpad, Surat, Gujarat	India
S1-363438451	Warne & Currington	9 Garfield Place, Unit Apartment 2, Poughkeepsie, NY	US
S1-178425107	Oncology Colonial Physicians	1 Pleasant Street, Unit 1A-16, Westford, MA	US
S1-809413123	Benavidez Biracilik Inc	7120 Utica Lane, Chanhassen, MN	US
S1-160044264	Ceix PC	303 8th Street, Marshalltown, IA	US
S1-507654198	Allied Program	3468 Raymond Road, Wheatfield, NY	US
S1-832019027	Hsg Bhoomi (India) Group	C/O Hawa Singh Hanuman Dhani, Bhiwani, Haryana	India
S1-700400326	Balotra Construction Limited	S/O Rama Ram Prajapat, Majisa Majiwala, Balotra, Barmer, Rajasthan	India
S1-666180153	Thane Entertainment Private Limited	G-4 Kamathia Niketan, Chs, Ltd, Ram Mandir Road, Thane, Maharashtra	India
S1-324972154	Faseia Mexico Inc	3517 Hendersonville Highway, Pisgah Forest, NC	US
S1-784763145	Prime Management Pvt Ltd	127/T-24 Vinoba Nagar, Juhi, Kanpur Nagar, Uttar Pradesh	India
S1-779155135	KQL Software Private Limited	Jaipur, Plot No. 802 Rani Sati Nagar, Bansi Path, Nirman Naga, R, Jaipur, Rajasthan, G-1	India
S1-332451149	New Consultancy Private Limited	Maharashtra, 7Th Floor Vrindavan Paradise Near Kashish Park Opp Gokul Khadakpada, Kalyan, B-701, Thane	India
S1-692295496	International Trading Ltd	Shop No 24, Market Yard, Near Ganesh Temple, Narayanpur Yadgiri District, Gulbarga, Karnataka	India
S1-636322754	Eastern Industries Private Limited	Sno. 50/53A, Pl No.18, Fl No. 8 Walwekar Nagar, Parvati, Pune, Maharashtra	India
S1-70481266	Plumbers Local Union 26	ME, Machiasport, 937 Cutler Road	US
S1-202178909	Shakti Consultants Limited	B-1601, Salarpuria Sattva Senorita, Sarjapur Main Road, Halanayakanahalli, Bangalore South, Bangalore, Karnataka	India
S1-338066170	Johnson City Human Rights Ministries	1905 Sinking Creek Road, Johnson City, TN	US
S1-772830117	Best Ram Products Private Limited	76-81/638Nutun Maha Co.Op, Hsg Sahakar Nagar, Pune City, Pune, Maharashtra	India
S1-271757315	Best Greenland	WA, 8453 Montgomery Street, Joint Base Lewis Mcchord	US
S1-610281908	#4 Developments	181 Shawnee Estates, Winfield, WV	US
S1-278508516	Ace Star Royalty Care	2496 Kingwood Pike, Morgantown, WV	US
S1-130031766	Clear Diamond Dte Inc.	Longwood, 2639 Robin Circle, NC	US
S1-114982184	Raj Producer Pvt Ltd	Gatno.1400(P)1, 2/1-4, 7142, 3(P)1424, J-703, Marvelfria, Haveli, Pune, Maharashtra	India
S1-607643900	NCG Auto Private Limited	11, Delhi, East Delhi, Vigyan Vihar, Delhi	India
S1-629745920	Puckett Pharmaceuticals LLC	VA, Spotsylvania County, 6412 Lawyers Road	US
S1-393224043	ZP Solutions Private Limited	Maharashtra, Vedbhumi Builders, Nagpur, P No 4 Shop No 4-5	India
S1-466182483	Urgent Care Dynamic Clinic Inc	14 Joni Drive, Brookhaven, NY	US
S1-325325116	Elements Infratech Private Limited	35-B Sahebkrupa Society, Nizampura, Baroda, Vadodara, Gujarat	India
S1-697352426	Palla Technologies Private Limited	D- Wing, Jivadani Complex Mahim Rd, Maharashtra, Palghar, Block No.301, Thane	India
S1-684291539	Life International Private Limited	S/22, Raghuleela Mall, Poisar Gymkhana, Kandivali West, Mumbai, Maharashtra	India
S1-628446609	Novex Galaxy	3198 Schneiders Crossing Road, Unit L, Dover, OH	US
S1-89071154	Yamuansh Education Limited	401, 4Th Floor, Mahavir, House, Bazar Lane, Varsova, Mumbai, Maharashtra	India
S1-794634290	Three Mills (India) Pvt Ltd	1 Pashuhari Karani Rachhauli Belthara, Ballia, Uttar Pradesh	India
S1-267779793	Glitter India Corporation	Flat No. 523, Fifth Floor, Chandralok Complex, B Block, S D Road, Secunderabad, Secunderabad, Hyderabad, Telangana	India
S1-239405385	Brinkman International	249 Genesee Street, Auburn, NY	US
S1-168849462	GO Industries Pvt. Ltd.	Flat No C 107, Sai Tirupati Greens Alandi Road, W Chandoli Takhed, Pune, Maharashtra	India
S1-569497500	Interfaith Initiative LLC	7063 Cozaddale Road, Goshen, OH	US
S1-524827982	Garcia Forefront L.L.C.	300 Chickasaw Road, Enterprise, AL	US
S1-480563992	Sathi Business Private Limited	Rzf551, Firstfloor, R/Side Galino-42 Sadhnagarii, Palamcolony, Near Shiv Mandir, Delhi, South West Delhi, Delhi	India
S1-737933984	Murarka Trading LLP	Peritum House, Plot No. 16/2, Jay Sardar Industrial Zone, Gadhaka Road, Kasturbadham, Bhavnagar Highway, Rajkot, Gujarat	India
S1-380480650	Diana LLC	4925 Eno Woods Trail, Durham, NC	US
S1-362580236	Benedicta Leon Telephone Inc	3003 Birchfield Lane, Gastonia, NC	US
S1-356360259	Priya Clinic	Door No 23/377, First Floor Josh Towers, Civil Line Road, Padamughal, Kakkanad, Ernakulam, Kerala	India
S1-35185771	Lindi Haynes Emera Inc	216 Grand View Road, Star City, AR	US
S1-520907464	Baltimore, Township Of	729 Edgewood Street, MD, Baltimore	US
S1-617640560	Physical Therapy Anchor Physicians LLC	11 Briar Street, Unit 11, Glen Ellyn, IL	US
S1-39020631	Starr Montoya Insurance, LLC	1830 Chris Scott Drive, City Of El Paso, TX	US
S1-389592117	Chandram Decent LLP	4Th Floor-417/418, Arjun Icconic, Shastrinagar, Ahmadabad City, Ahmedabad, Gujarat	India
S1-490948516	Shiv Urban Services Private Limited	#131 2Nd Cross 2 Main, Near Mariyamma Temple, Bangalore South, Bangalore, Karnataka	India
S1-637333672	Exports Universal Films Private Limited	404, Decora Square Commercial Complex, Sadhu Vaswani Road, Rajkot, Gujarat	India
S1-814069247	Sanganer Projects Clinic	27, A-Block Panchwati, Colony, Kanwar Ka Bagh, Sanganer, Jaipur, Rajasthan	India
S1-784393343	Sky Technology Pvt Ltd	H.No 616 Sector K, Kanpur Road, Aashiana, Lucknow, Uttar Pradesh	India
S1-814051326	Oncology Group	Unit 42, 519 Jackson Place, Cambridge, MA	US
S1-572636183	Trusted Ligand	4365 Malden Court, Unit APT D, Beech Grove, IN	US
S1-599424276	Super Developers Private Limited	H No 9-10, Pagavaripalem, Devispet, Indukurpeta, Nellore, Andhra Pradesh	India
S1-759354920	Tri-State Veterinary Clinic	9207 28th Street Court, Edgewood, WA	US
S1-908903664	Innovative Materials Brands Inc.	123 New Street, Waverly Town, VA	US
S1-486832571	Keystone Defense Holdings	4927 Apollo Road, Phoenix, AZ	US
S1-820757118	Stubbs's Productions	2223 Cr 660B, Danbury, TX	US
S1-441710547	Houston Baptist Center	11309 Heatherwood Drive, Houston, TX	US
S1-672541801	Green Care Pvt Ltd	Hussain Street, Opp. Kalaniketan, Bandar, Road, H.No. 8412-40-1-170/A, Andhra Pradesh, Vijayawada, Srikakulam	India
S1-885506097	Rev It Up Bakery LP	1957 Lynnbury Woods Road, Dover, DE	US
S1-604566475	Best Properties Pvt Ltd	Kerala, Malapuram, Padinharethil House, Perinthalmanna, Malappuram, 383/A/ Ward 2	India
S1-957860723	Prakhar Hotels Pvt Ltd	Gat No. 442, Pawar Mala, Kalamba, T. Thane (Ct), Karvir, Kolhapur, Maharashtra	India
S1-159145908	International Hospitality Pvt Ltd	Hno. 7-14/54/Iib, Rangareddy, Telangana, Puppalguda, Rajendernagar, Rangareddy	India
S1-865958438	Adan G. Thompson, DMD	20900 George Hunt Circle, Unit Unit 505, Town Of Brookfield, WI	US
S1-568204440	Jain Management Private Limited	207, Knowledge Park-5, Greater Noida, Dadri, Gautam Buddha Nagar, Uttar Pradesh	India
S1-965792162	Aarvin Welfare Private Limited	8, Anik Court, 1St Floor, Road No. 5, Shivaji Park, Mumbai, Maharashtra	India
S1-478141070	Atlantic Preparatory Academy	249 Gallagher Creek Road, Friendsville, TN	US
S1-16777753	Ninnetta Herrera Select Element	8610 Hillside Avenue, Saint Bonifacius, MN	US
S1-633731000	Vernice Sorrell Fresh Santander	MN, 1017 Madison Street, Anoka	US
S1-580560242	Ace Huntington Inc	3016 Thistle Bend Court, Murfreesboro, TN	US
S1-317294701	American Ministries III	3861 Valley Road, Lima, MT	US
S1-325067032	High Investments Private Limited	67 Yashoda Nagar, Indore, Madhya Pradesh	India
S1-539895325	Synsoft Staked LLC	1749 Elizabeth Avenue, Fl 0, Wichita, KS	US
S1-140235755	Autism Assistance Charities Associates	70057 Murphy Road, Flushing, OH	US
S1-322288003	Bright Book Store	12005 Suncrest Court, Vancouver, WA	US
S1-155260287	Kansal Enterprises Private Limited	No.20, Evalappan Street, Tambaram Sanatorium, Tambaram, Kanchipuram, Tamil Nadu	India
S1-703131233	Bhandari Companies Pvt. Ltd.	Pardhanani Willshire Iii, 5Th Floor, Whitefield Main Road, Bangalore North, Bangalore, Karnataka	India
S1-91713698	Corporate (India) Traders LLP	C-105-A Kh No 465, Floor-1, 25 Ft Road Saboli Extn, North East Delhi, Delhi	India
S1-169366703	Bhojpur Advisors	D No- 49-51-7 Flat No- 204 Sri Jagan Enclave, Santhipuram, Visakhapatnam, Vishakhapatnam, Andhra Pradesh	India
S1-566738805	Alina's Select Health Inc	Fort Worth, 10608 Kiowa Trail, TX	US
S1-815910918	YW Silver Safe	103 Ledgefield Circle, Harvest, AL	US
S1-676387081	Mcintyre Pacific Quantum	1279 Jefferson Avenue, Brooklyn, NY	US
S1-101498574	Bright Supply Digital PLLC	195 Pecan 1, Florence, TX	US
S1-955736700	NSM Visa Pvt. Ltd.	3521 D, Vishal Khand Gomti Nagar, Near Siyaram Sweets, Luckno, W, Uttar Pradesh, Lucknow	India
S1-598004136	Pinnacle Preferred Galaxy L.L.C.	2810 Tanner Street, Kingman, AZ	US
S1-787225228	Metropolitan Center	114 Church Street, Burlington, VT	US
S1-515099597	Lyros One	15 Whittier Place, Haverhill, MA	US
S1-552296228	Cascade Aeon Inc.	1119 San Jacinto Street, Rosenberg, TX	US
S1-252483938	# 5 JY Entertainment Inc	2219 Huntington Drive, Wilmington, DE	US
S1-948015348	Denice King Coastal Gabelli Inc	1079 Main Street, Northbridge, MA	US
S1-173923210	Green Enterprises Private Limited	Vill Dhamar Panchayat Pawadih, Silao, Nalanda, Rajgir, Nalanda, Bihar	India
S1-177008827	Gsk Finance Private Limited	50-1-48, Flat No:Tf-1, Third Floor Ramana Residency, Asr Nagar, Seethammadha, Ra, Vishakhapatnam, Andhra Pradesh	India
S1-848076035	Patriot Nexera LLC	3831 Robinson Bend Drive, Spring, TX	US
S1-242120181	United Foods Care	123 Roosevelt Avenue, Springfield, MA	US
S1-780638458	Western International	134 Parkside Avenue, Glen Ellyn, IL	US
S1-986215452	Hari Projects Private Limited	C/O Juliyas Panda, Kasimbad, Pl-15/2101/321, Balasore, Orissa	India
S1-617758288	Crimmins Crystal Angel	1385 Glenoak Drive, Tallmadge, OH	US
S1-90889957	Beauty & Sons Limited	Ff-5, Sipcot Industrial Growth Centre, Perundurai, Erode, Tamil Nadu	India
S1-272812862	Autism Assistance Council VI	204 Ford Street, Muscle Shoals, AL	US
S1-285863666	New Builders Private Limited	Sco 36, Sector 66A, Jlpl, Mohali, S.A.S.Nagar (Mohali), Rupnagar, Punjab	India
S1-322244293	Dermatology Care	7235 Haven Avenue, Rancho Cucamonga, CA	US
S1-58857135	Anchor Power	511 Montezuma Street, Andalusia, AL	US
