source1_entity_id	candidate_entity_ids
S1-740217544	S2-700490838,S2-687777283,S2-930524768,S3-294618628,S2-294472803,S3-335297164,S2-594435439,S3-524633377,S2-287466425,S2-727587807,S2-834586799,S3-88744762,S3-85291248,S3-889831177,S2-629448039,S2-303072506,S2-920722115,S3-175370387,S2-196465463,S3-707244197,S2-640981478,S3-318002039,S2-14617715,S2-234314455,S2-314320143,S2-357026954,S2-404948075,S2-203595257,S2-749650829,S3-599626827,S2-605752167,S3-489657015,S2-227187628,S3-489912854,S2-71564658,S3-304654639,S2-549275477,S3-348063550,S2-653571206,S2-809729300,S3-944991246,S2-222722797,S2-651979608
S1-218859026	S3-552026473,S3-487021139,S3-612306755,S2-523904893,S3-478064835,S2-794099142,S2-629552296,S3-71828516,S3-1463015,S3-752118248,S3-92493977,S2-821809302,S2-710766891,S2-798219180,S3-780295340,S3-778672293,S2-626127084,S2-117179217,S3-608346197,S3-429557528,S2-59295927,S3-918437307,S2-60704958,S3-162914160,S2-621182136,S2-507962239,S2-664991816,S3-997691284,S2-285041255,S2-554649678,S2-941041693,S3-623302683,S3-939043773,S3-387128309,S3-329032004,S3-72372459,S2-183174830,S2-584755315,S2-902859279,S3-887165255,S2-823658413,S3-464522635,S2-929827259,S2-671119549,S2-353314819,S2-846269751,S2-729858839,S2-433104415,S2-943887542
S1-91475809	S2-444337157,S3-684234512,S2-924778023,S2-674945578,S2-971559836,S2-325280467,S2-857347612,S3-742286238,S3-942804847,S2-4384227,S2-592892281,S2-97386660,S2-100558219,S2-689809358,S2-791139388,S2-190664051,S2-439009194,S3-418850760,S2-720730527,S2-852058634,S2-864690868,S2-184306244,S2-317363353,S2-4161,S2-687247515,S2-529656026,S2-231328161,S2-871137220,S2-120728777,S2-108936824
S1-119237040	S3-358085138,S2-992065236,S3-875481423,S2-87430125,S2-275833923,S3-283394784,S2-232453799,S2-485603163,S2-568877660,S2-586497049,S2-626105152,S2-966078853,S3-162122403,S3-192159108,S3-250114549,S3-437654601,S3-607043780,S3-65396698,S3-720048982,S3-790974498,S3-834286254,S3-863485774,S3-311340291,S2-592656753,S3-320682221,S2-285122310,S2-417387666,S3-295777122,S3-710348306,S2-511242505,S3-665823605,S2-459531432,S2-401218393,S2-429636041,S2-576906180,S2-551679612,S2-918091343,S2-933745983,S3-468308710,S3-270316677,S3-274650579,S3-338962251,S3-378198029,S3-445587604,S3-552965405,S3-579188534,S3-611052520,S2-26774382,S3-315436973
S1-527267146	S2-226855282,S2-37444052,S2-6750111,S3-461150743,S2-912783094,S3-50211465,S2-626888446,S2-497904115,S2-310570289,S2-448894293,S2-645101454,S2-748376429,S3-829622445,S2-424712887,S2-217806672,S3-542977185,S3-562981831,S3-762074117,S2-997025607,S3-391408434,S3-224774484,S3-730067751,S3-914417424,S2-562068913,S2-767123433,S3-291450161,S3-344178330,S3-485477578,S2-943474455,S2-165951706,S2-621209867,S3-351270242,S3-496700434,S2-913223453,S3-855764963,S3-293842966,S3-755242382,S2-611414797,S2-495135341,S2-512746329,S3-116487178,S3-538675970,S2-615461376,S2-745684316,S2-804420379,S2-913175300,S3-2006741,S3-400934528,S3-532378898,S3-831013144,S3-260269609
S1-639149249	S2-740863497,S3-401916459,S2-14617715,S3-275367921,S2-233684830,S2-957589571,S3-970763729,S3-976063890,S3-655842038,S2-643603067,S3-414784111,S2-5687689,S2-695196331,S2-397437431,S3-153861493,S2-506565303,S3-687730176,S2-254925318,S2-192553558,S3-468308710,S2-205024965,S2-433193089,S2-640662725,S2-781724062,S2-818693099,S2-524774071,S3-889831177,S2-234314455,S2-419130269,S3-692033952,S2-14370076,S2-828467381,S2-301165537,S2-743150895,S2-450391061,S2-828401600,S2-923007168,S2-947274751,S3-690911429,S2-233054885,S2-662740243,S2-521798842,S2-860815570,S2-486833756,S2-208655260,S2-300220843,S2-484661669,S2-668319710
S1-917692146	S2-383906581,S2-39261731,S3-535391334,S3-686681118,S3-850412921,S3-909640622,S2-552729095,S3-323155022,S2-809818938,S2-844137156,S3-412279540,S2-280613192,S2-543989592,S2-220160781,S3-868659973,S2-312232867,S3-841946001,S3-578176316,S3-697255890,S3-894786584,S3-188073253,S3-428252072,S3-829171472,S2-899625384,S2-647894451,S2-573435555,S2-88536557,S3-321406619,S3-610745202,S2-33544675,S2-423226539,S2-339649722,S3-235832066,S2-239148496,S3-240221727,S2-814203711,S3-643889369,S2-124869331
S1-327522896	S3-95982475,S3-783671587,S3-622841536,S3-143114803,S2-796483039,S3-768244673,S2-19032207,S3-984195123,S2-132066637,S3-996005917,S2-234042428,S2-959461320,S3-458219568,S2-600496218,S2-945621609,S3-204314285,S3-737586488,S2-243017848,S3-100473025,S2-188797794,S2-499736229,S3-845244199,S3-918003847,S2-967951337,S2-257134988,S3-835479401,S3-464699625,S2-121183420,S2-845859470,S2-517053781,S2-862507893,S2-880117313,S3-956365580,S3-973602038,S3-745382601,S2-278797630,S3-410239858,S2-588053238
S1-939877245	S2-329590451,S3-289049962,S2-602075710,S2-687186573,S2-114915270,S2-65290927,S3-673478656,S3-738453611,S2-938673261,S3-61120513,S3-664742626,S3-794162755,S2-227187628,S2-262397929,S3-689076660,S3-833244710,S2-917817362,S3-348910590,S3-352529226,S2-540043757,S2-72327683,S2-952737816,S3-33814286,S3-615392095,S3-959091520,S2-307290505,S2-385008826,S2-388613237,S2-182416418,S3-555480082,S3-637478807,S2-918084596,S3-311902456,S2-428246908,S3-755407884,S2-596646848,S3-448395392
S1-374045779	S3-471259494,S2-598073593,S3-729938714,S2-791458964,S3-448530605,S3-664222765,S3-581415988,S3-132343126,S2-892720015,S3-897732149,S3-569510035,S2-813301443,S3-796946339,S3-851988398,S2-518265708,S2-251254102,S2-349076622,S2-535108253,S2-821565455,S2-988973388,S2-901152176,S2-433138054,S3-402426457,S3-78596047,S2-156247831,S2-192052570,S2-218562028,S2-245705443,S3-314352522,S2-618779211,S3-808143010,S3-376111145,S3-544584918,S3-769810310,S3-818629122,S2-355056209,S2-420507709,S2-442125626,S3-863485774,S2-524652330,S2-615190794,S3-63995855,S2-113830758,S2-487472623,S3-961606650
S1-592388086	S2-588223392,S3-225797493,S3-456768137,S2-553879012,S3-752870631,S2-343926000,S2-67701000,S3-737381447,S3-984741718,S2-697760432,S2-412854674,S3-633107692,S3-97071708,S2-761323706,S2-381902409,S3-15228782,S3-284997191,S2-373921276,S3-414052859,S3-942618036,S2-183582879,S2-65259256,S2-465591365,S2-26239178,S2-272699038,S2-276135498,S2-390580093,S2-862247478,S3-874662868,S3-282226517,S3-646433901,S2-738086189,S2-944918525,S2-983709883,S3-181859196,S3-243661844,S3-830298606,S3-960042558
S1-629947932	S3-948230082,S3-101164343,S3-701926276,S2-897867057,S3-726618345,S3-988416608,S2-409358463,S3-147668966,S2-321298655,S2-359286463,S3-764852161,S2-766075875,S2-68481003,S2-384733286,S2-397446746,S2-512290448,S2-717929869,S2-473438666,S3-758201458,S3-707831161,S3-709849984,S3-878926239,S2-190599957,S3-104011508,S3-119971161,S2-788131749,S2-112088101,S2-18578461,S2-247759089,S2-365997571,S2-386871497,S2-512449580,S2-674382013,S3-191210879,S3-358453281,S3-602558449,S2-217323032,S3-752870631
S1-341435901	S2-877295556,S3-701603441,S2-504159896,S2-40692627,S3-810626450,S3-334228003,S2-63348941,S3-329410357,S3-94042601,S2-236682147,S3-600545574,S2-897386778,S2-3308086,S2-349443771,S3-372186980,S3-144400748,S3-989543431,S2-248782905,S3-454059534,S3-790362819,S2-697986629,S3-360287208,S3-647755998,S3-998140454,S3-229462742,S3-84111783,S3-197658915,S3-145051959,S3-446479319,S3-555655470,S3-290839208,S3-564647664,S2-553478682,S2-494841174,S2-752056500,S2-365377902,S2-555298645,S2-187000874,S2-64402314,S2-64544622,S2-672645442,S2-963062913,S2-191950946,S2-753084290,S2-632029141,S2-407343361,S2-496534942,S2-925231581,S2-630064691,S2-200036372,S3-456329062,S2-992618207,S2-538237026,S2-218136184,S2-192799102,S2-763273157,S2-26399698,S2-681569962
S1-740537919	S2-530272986,S2-812148346,S2-348938129,S3-665097892,S3-407703629,S2-187182801,S2-256178046,S2-49794906,S2-726416294,S2-521312723,S3-855959143,S3-460949616,S3-674081513,S2-494668113,S2-604494418,S2-677793870,S3-749914265,S2-172757263,S3-873855697,S3-257905268,S2-354994590,S3-52834608,S2-620169709,S3-644297480,S2-144421768,S2-417429718,S3-885480974,S3-660611189,S3-752679174,S3-19555090,S2-505382049,S2-757278459,S2-281789323,S2-579002307,S2-233955789,S2-881240809,S2-133611852,S2-205028682,S2-318276272,S2-350913793,S2-223894512,S2-257595674,S2-327044500,S2-263186725
S1-810843427	S2-112495459,S3-464382451,S2-239458860,S3-131015284,S3-341653765,S2-203979369,S3-845558332,S3-595366008,S2-300305379,S2-48571310,S2-372496762,S2-166117562,S2-183434475,S2-237369852,S2-375201866,S2-39093197,S2-456029218,S2-463479887,S2-543454446,S2-584354389,S2-886615887,S3-427273400,S3-978242813,S3-230522563,S2-4349803,S2-530376372,S2-819306316,S3-321707721,S3-3807237,S3-413365291,S3-365044854,S2-24423103,S2-273619388,S2-328547865,S2-106957088,S2-330192942,S2-533466866,S2-537438109,S2-657757545,S2-669223172,S2-81782470,S3-394098459,S3-526563621,S3-770231637,S2-156167169,S2-214232249,S2-689021897
S1-586201918	S3-870086105,S2-232213140,S2-773232835,S3-122259109,S3-995155435,S2-211132333,S3-140167206,S2-990110561,S3-233522581,S3-414036523,S2-866708717,S2-278264656,S2-808717403,S3-380108362,S3-676817534,S2-801967790,S3-38600088,S2-562654047,S2-834175295,S2-928906152,S3-795786474,S3-331287559,S3-967165666,S2-776002752,S3-515155277,S2-4161,S3-444196472,S3-347127509,S2-79234411,S3-432581867,S2-867964304,S2-688996267,S3-195044772,S2-481555186,S3-289890087,S3-11152601,S2-430095427,S3-446760726,S3-381552264,S3-282012174,S2-518213968,S3-388473175,S3-416829429,S2-374946496,S2-814548873,S2-77846640,S3-419231457,S3-567055196,S3-788563509,S3-862731146
S1-715782406	S2-33277065,S3-408249610,S3-721778541,S2-255522078,S2-448806770,S2-163250330,S2-961060989,S2-767983228,S3-244452530,S3-105760988,S3-810125437,S2-972347406,S3-672725864,S3-807249111,S3-602093112,S3-301570158,S2-265442540,S2-833422443,S2-910278300,S2-180467531,S2-252790973,S2-400339295,S2-419040346,S2-52017206,S2-965024516,S2-971276886,S3-298349474,S3-680770212,S2-395519178,S2-193187638,S3-458825246,S3-195404164,S3-277366004,S2-215208600,S2-448658251,S2-33517373,S2-986497974,S3-745944954,S3-485784640
S1-435236027	S2-983851230,S2-5489821,S2-507918679,S2-549999023,S2-237346900,S3-809410312,S2-422746812,S2-824213584,S3-882277217,S2-2997918,S2-388613237,S3-900370823,S2-521155236,S2-56969070,S2-902750523,S2-330105025,S2-862062914,S2-215239606,S2-40992312,S2-75754137,S2-996673864,S3-218039528,S2-537569903,S3-655336549,S2-379464211,S2-705772010,S2-549316954,S2-195615402,S2-28093946,S2-456029218,S2-634381467,S2-640033670,S2-751183142,S2-948314304,S2-690541911,S3-402387262,S2-642208430,S2-399553252,S2-170667711,S2-179904830,S2-199288578,S2-21830978,S2-245081242
S1-801503566	S2-43749132,S2-847581709,S2-756879109,S2-234241479,S3-253645345,S2-134873386,S2-529856711,S3-448019216,S2-573574004,S3-252578328,S2-483898468,S2-603395639,S3-402708862,S3-577670450,S3-835180120,S3-686132112,S2-23632105,S2-70090543,S3-470168102,S3-761862155,S2-39905798,S3-710513304,S3-84371592,S2-103619983,S2-489278096,S2-461277900,S2-424362557,S2-815952077,S2-983557172,S2-206151091,S3-998829038,S2-618083396,S3-18123642,S3-420365069,S3-45458297,S3-822015158,S3-87138214,S3-93194295,S2-10388240
S1-491559676	S2-640516803,S2-302381262,S3-534692581,S3-498796648,S2-101926930,S3-983376969,S2-837460419,S3-574532300,S2-313382908,S2-957038324,S2-719787972,S2-179530554,S2-511919511,S3-419715044,S3-516264794,S2-136742801,S2-474520160,S2-582436648,S2-98732048,S3-142911825,S3-285430204,S3-809151891,S2-597322879,S2-325920121,S3-271101560,S2-421301205,S2-598439606,S3-623787021,S2-887165110,S2-764986898
S1-76433334	S2-519245587,S2-544953449,S2-658187792,S2-822432403,S2-84013571,S3-573015886,S2-921257191,S2-703133741,S2-761605067,S3-576276744,S3-394098459,S2-42092786,S2-466178892,S2-907495338,S3-152342735,S3-557662983,S2-101159952,S2-294472803,S2-806992460,S2-81105232,S3-16340100,S3-558264948,S3-654018339,S2-282052266,S2-497993436,S2-393975615,S2-372075237,S2-357693092,S2-246502035,S2-354082094,S2-60320382,S2-750689889,S2-776412285,S2-807626971,S2-932543393,S2-110361948,S2-13070715,S2-156245042,S2-166086309,S2-197690501,S2-207544647,S2-209705221,S2-211515472
S1-893221716	S2-162726956,S2-287119160,S3-640078973,S2-618759824,S3-848741301,S2-318539672,S2-900757296,S3-542062005,S2-989001817,S2-600829017,S2-953351493,S3-227460636,S2-161048986,S2-850516294,S2-239137344,S2-897590063,S3-962602306,S2-493065704,S2-5617389,S2-596470973,S3-207229246,S3-518714686,S3-705343436,S2-415644003,S2-598073593,S3-635928183,S2-610948658,S3-181143163,S2-503786535,S3-616247038,S2-907308937,S3-106554183,S2-385924614,S2-783814735,S3-21044813,S3-468457413,S3-708046204,S3-81497442,S2-435191522
S1-51949553	S3-242029098,S2-702084467,S3-218700887,S2-929493918,S3-705076408,S2-743423846,S2-133613046,S3-279001254,S2-950643104,S2-999043754,S2-281598566,S2-741563452,S3-368633838,S2-566955833,S3-957362873,S3-200960552,S3-33814286,S2-425312556,S3-110065290,S2-567351720,S3-398028225,S3-428653943,S3-982958123,S3-797124896,S2-905641275,S2-767192583,S2-832929403,S2-100255779,S2-319918653,S2-445026391,S2-276258233,S2-29425663,S2-941452319,S3-210722612,S3-387816980,S3-611040302,S3-498789314,S3-599429167,S3-10850817,S3-714930913,S2-946779809,S3-742116896
S1-679929967	S2-854653109,S3-763410106,S3-102014378,S3-930708399,S2-165857928,S2-480000018,S3-335218157,S3-686341519,S3-730431628,S3-915570090,S2-543080582,S3-721788762,S3-108255628,S3-444899017,S2-362854430,S2-99747450,S2-213470527,S3-248265215,S2-846288174,S2-465204400,S3-199745060,S2-712470149,S3-249087521,S2-683037264,S3-466441636,S3-716627598,S2-753920456,S2-123594278,S2-177535246,S2-298254709,S2-515380963,S2-560139822,S2-831097311,S2-95584453,S2-167154769,S2-4863529,S2-667346526,S3-948524184,S3-404529878,S3-470978578,S3-727913967,S3-791867878,S3-916344420,S3-958083851,S3-337839735
S1-104272161	S3-294122961,S2-104946432,S2-631427843,S3-605380995,S3-698792336,S3-993599341,S3-327186624,S2-498299407,S3-800251380,S3-777771841,S2-198473904,S2-267066133,S2-356676419,S3-610200495,S3-737246000,S2-32424909,S3-307232362,S2-922341465,S2-146244112,S2-395398984,S3-409241026,S3-462142119,S3-82290572,S3-922911830,S2-630772572,S2-436169257,S3-264002907,S3-79934164,S2-713450745,S3-18577085,S3-735584613,S3-867925646,S2-583875546,S2-813747816
S1-860835473	S2-606342123,S3-184331812,S2-258342640,S3-328583675,S2-232503922,S3-520968908,S3-242901365,S3-861772014,S2-234924484,S2-341527643,S3-109232010,S3-422242684,S2-45085294,S2-371990710,S3-919526314,S3-152535570,S3-126815291,S3-44294585,S3-987585345,S2-181319662,S3-446466282,S3-333855510,S3-748149036,S3-26334620,S2-749650829,S2-729761318,S3-435954210,S3-775774792,S3-75135557
S1-510945330	S3-839615898,S3-652878353,S3-271129575,S3-658065082,S2-827587916,S2-807636836,S2-115096526,S3-251301923,S2-106404227,S2-178528773,S3-784554008,S2-696485894,S3-503215603,S3-699549289,S3-931491316,S3-965252478,S2-214897797,S2-528198967,S3-198807008,S2-509177834,S2-72856498,S3-182737580,S2-717929869,S2-723922393,S3-51294330,S3-977456189,S2-301409083,S2-542789278
S1-714667202	S3-560998590,S2-395966512,S2-506256812,S2-981373716,S2-862450766,S3-743881341,S2-130299112,S2-328819824,S2-961376529,S3-131085423,S3-921088269,S2-967271180,S3-391208729,S3-943699922,S3-981959325,S2-829544155,S3-384301476,S2-262246394,S2-721277816,S2-113209235,S2-334252415,S2-576394825,S2-681569962,S2-144495567,S2-159453772,S3-630009988,S2-795678672,S2-943887542,S2-982750926,S2-477427667,S2-138815229,S2-925605183,S3-644288495,S2-200273569
S1-650250203	S3-259971135,S2-484661669,S2-927043396,S3-815170590,S2-706422357,S3-313593926,S2-485318358,S2-617038230,S2-959981086,S3-406788482,S2-226537032,S2-281561913,S3-324009787,S3-350825365,S3-514226137,S3-888198740,S3-954514484,S2-477562569,S2-961046313,S2-674010776,S3-692153679,S2-942670260,S2-56307517,S2-626444838,S2-753071684,S2-766039043,S3-118789362,S3-121301511,S3-228429699,S3-394413542,S2-555741216,S2-230965231,S2-237321125,S2-297331416,S2-518637324,S2-641841632,S2-996120341,S2-786202432,S2-70618622,S2-795802724,S2-829479613,S3-670354221,S2-473558232,S2-980620833,S3-64862218,S2-652921326,S2-376650961,S2-385454922,S3-896391720
S1-969912414	S2-432740074,S2-448344558,S2-47204282,S3-40614206,S2-309950188,S3-602572491,S2-125880260,S2-992618207,S3-753251679,S2-996535652,S2-837835443,S3-251096831,S2-652359699,S2-790702819,S3-665310645,S2-39119367,S2-353038722,S2-194970367,S2-488406532,S3-275021612,S2-30585159,S2-938356717,S2-155326246,S2-344124116,S3-390324715,S2-398100646,S2-52905619,S2-579038109,S2-270775469,S3-681654704,S2-635987423,S2-684849849,S2-392564127,S2-176433920,S2-510269602,S2-778750868,S2-551896412,S3-268769883,S2-220046590,S3-186774101,S3-210382157,S3-325175582,S3-100660211,S3-767994874
S1-570110140	S3-383323753,S3-739781366,S3-486338300,S2-848617308,S2-506423109,S2-946930323,S2-14617715,S3-92716683,S2-579837138,S3-263824760,S3-969160129,S2-319379763,S2-550913949,S2-675604057,S2-818734001,S2-683037264,S2-607528512,S2-731630866,S2-218003727,S2-44595980,S2-494172014,S3-646394546,S3-13758349,S2-72680087,S3-928139380,S3-868508523,S2-885021309,S3-245949163,S3-440914385,S3-571891306,S3-992697705,S2-228549572,S3-354216313,S2-366853882,S3-486342692,S3-864003408,S3-892369909,S3-989705057,S3-235108720,S3-340060448,S2-613396164,S3-500349142,S3-524497246,S3-653354453,S2-195481180,S2-369906018,S3-939768206,S3-343103819
S1-810832411	S2-798114994,S3-84335326,S3-999218492,S2-769143094,S3-783921040,S3-270734257,S3-966493191,S2-775619492,S3-267940618,S2-307481716,S3-109852316,S2-362974883,S3-459431578,S3-299057421,S2-841896499,S2-169007532,S2-290656504,S2-342839201,S2-516457248,S2-518062514,S2-740456817,S2-74866610,S2-883299788,S2-968700459,S3-119694229,S3-253704117,S3-371430261,S3-377483962,S2-56307517,S2-736520472,S2-343089349,S2-176215838,S2-370824574,S2-443380993,S2-681908601,S2-905584375,S2-981154776,S3-123341600,S3-12917194,S2-480525877,S2-343706123
S1-293464900	S2-309236,S2-535626196,S3-887452450,S3-671633979,S3-675681612,S3-462142119,S3-106651860,S2-578040554,S2-252925433,S2-667975452,S2-124928397,S2-138156674,S2-450121861,S3-173839008,S3-496065996,S3-898923142,S2-235519428,S3-314478194,S2-691154044,S3-251679131,S2-587975093,S3-367808501,S2-215814867,S2-729796971,S3-416556044,S3-898916890,S3-993123814,S2-550134601,S3-451590095,S3-131817263,S2-563402958,S2-467529475,S2-954035937,S3-942208237,S2-543296179,S2-832202423,S3-703785047
S1-205155720	S3-98669305,S3-708447420,S3-188695302,S2-245375913,S2-276258233,S3-118789362,S3-950195305,S3-186364135,S3-549178962,S2-100255779,S2-203061977,S2-461756505,S2-701550542,S2-687690830,S3-245662719,S3-861603212,S3-590719533,S2-189612268,S2-825780092,S2-837822863,S2-359512803,S2-748031169,S2-970873123,S3-326658667,S2-954609035,S3-305926661,S3-606040844,S2-777540714,S2-676268475,S2-325579083,S2-650971154,S3-859534525,S2-43464316,S2-87017666,S3-381252589,S2-122455673,S2-343254460,S2-842165775,S3-647494476
S1-983015718	S3-648913022,S2-162605669,S3-67596547,S2-500825285,S2-317509604,S3-136804653,S3-802100584,S2-563194300,S3-647353207,S2-381618636,S3-685064844,S3-122231349,S3-472497143,S2-99034356,S3-477372945,S3-86957174,S2-166179027,S2-797180263,S3-356375515,S3-312432963,S3-891638924,S2-10333907,S2-42469820,S2-411375992,S2-287688819,S3-235914672,S2-662370581,S3-966943231,S2-556387902,S3-754884266,S3-982112329,S2-605208779,S3-153342197,S3-446760726,S3-173163112,S2-503626455,S2-172757263,S3-651230505,S3-960588536,S2-38341239,S3-703349239,S2-670933290,S2-341348452,S2-202684274,S2-752195347,S2-705179159,S3-387028018,S2-740363572,S2-649912395,S3-814997267,S3-858241284,S3-250843132,S3-971490736,S2-625295355,S2-947705097,S2-766282392,S2-276055186,S2-463366059
S1-429752699	S3-922247246,S2-728070425,S3-156786878,S2-956668883,S2-836557758,S3-249126375,S3-734174583,S3-555433042,S3-904692443,S3-835071921,S3-820875181,S3-518711192,S3-501745763,S3-65088099,S3-739445298,S2-733845278,S2-526052127,S2-275131093,S2-913936191,S2-279611164,S2-532416008,S2-900929220,S2-934305669,S3-968140134,S3-61182023,S3-191863242,S2-182277818,S2-535626196,S2-780681749,S2-785398887,S3-757329643,S3-235018566,S2-536833436,S3-988130117,S3-739905710,S3-880917477,S2-413403332,S3-976574800
S1-42387942	S2-115562361,S3-592734630,S3-789165391,S3-394726661,S2-681569962,S3-942804847,S2-52905619,S3-661845888,S2-596900872,S3-550761502,S2-323237782,S3-581689819,S2-36375334,S3-374649759,S3-535236787,S2-219114513,S3-24794887,S3-593978243,S2-379336967,S2-499203126,S2-720412932,S2-842342846,S2-712277935,S2-462428761,S3-149539741,S3-26910712,S3-868501638,S2-528727402,S3-398302604,S3-472858933,S3-907074716,S3-927071456,S2-207719048,S2-362398080,S2-775082198,S2-791586785,S2-403094391,S2-701210290,S2-708794461,S2-804259075,S2-157855149,S2-344291839,S2-20921384,S2-405424744,S2-620576438,S2-624442235,S2-228578980,S2-508055025,S2-702803711,S2-593823056,S2-664925321,S2-914527301
S1-361053466	S3-954348045,S2-113609927,S3-747855895,S2-483314780,S3-759116134,S2-459531432,S2-419460675,S3-855144775,S3-444227272,S2-134403166,S2-660625181,S2-121545035,S2-326473011,S2-829953897,S2-474213655,S2-527005677,S2-222389211,S2-375851933,S2-457719699,S2-945921848,S3-150801870,S3-930080967,S3-806677395,S3-635877730,S3-476926978,S3-237665829,S3-37424083,S3-43193399,S3-732279287,S3-811024312,S2-769583041
S1-823995445	S3-820324710,S2-286535254,S3-322616065,S3-314812292,S2-195160490,S3-48069103,S3-775774792,S3-79694187,S3-541863063,S2-993940084,S2-301723989,S2-517854128,S2-995385017,S3-408443327,S3-185899925,S3-316387320,S3-456552027,S2-502139470,S2-791555602,S3-114550977,S2-302800661,S2-108720863,S2-372103015,S2-473785851,S2-489027248,S2-539822068,S2-29138702,S2-360575285,S3-160519949,S2-74003616,S2-783440689,S2-958130955,S2-309256260,S2-543080582,S2-605987947,S2-520944976,S2-692449347,S2-154673835,S2-301072730,S2-416232512,S2-402592938
S1-491963037	S2-505185080,S3-638106193,S2-325735746,S3-601498011,S3-445017815,S2-629514913,S2-517395032,S2-68682632,S3-176533714,S3-41274554,S2-841284121,S3-404529878,S3-654140365,S3-806276250,S3-222338578,S2-998574711,S3-107247283,S2-291425449,S3-852529546,S2-349500876,S3-343106328,S3-544622965,S2-711279713,S3-326483874,S2-482719769,S2-506628647,S3-488966047,S2-237381259,S3-486369847,S2-147693422,S2-435413997,S2-81834730,S2-870330758,S2-899791066,S2-206965389,S3-804177070,S2-709566349,S2-273037636,S3-377105374,S3-679935192,S2-211113346,S2-20408536
S1-334655819	S3-269817583,S3-461473568,S3-434339397,S3-33432801,S2-350423004,S2-313313183,S3-23727170,S2-693882161,S2-722019724,S2-784511006,S2-9011019,S3-179748788,S2-543764822,S2-428246908,S2-235979056,S3-337972315,S3-883818834,S3-649127858,S3-943453343,S3-204641924,S3-283685188,S3-504885806,S3-723495975,S2-713022919,S3-539602405,S3-706206085,S2-748617640,S2-224391250,S3-342980337,S2-118955682,S2-85873245,S3-539523554,S2-776412285,S2-452229921,S2-595488173,S3-188511438,S3-927045184,S3-976960968,S3-146263899,S3-720176260,S2-293232389,S3-734174583,S2-125872251,S2-157211089,S2-56969070,S2-363773225,S3-681387524
S1-75766176	S3-54812403,S3-138149718,S3-857619490,S3-764442734,S2-832182494,S2-20153331,S3-679936260,S2-638925819,S2-582072249,S2-172112954,S2-619648343,S3-74934149,S3-962685623,S3-990233879,S2-544675895,S3-675201320,S2-643603067,S2-161048986,S2-3398972,S2-464830455,S2-538741359,S2-566862652,S3-820127526,S3-994522882,S2-451734059,S3-56034030,S3-193097211,S2-143450706,S2-282083151,S3-910411345,S3-156205371,S2-16308415,S2-677635172,S2-625806361,S3-598014090,S3-821283070,S2-138753183,S2-250536508,S2-822907670,S2-180843571,S3-773489363,S3-954979457,S3-468562937,S3-396423569,S2-247759089,S2-336212007
S1-156676481	S3-510333494,S3-956733824,S3-609699097,S3-721346476,S3-343007088,S3-947399662,S2-34527519,S3-365167767,S3-556643598,S3-805092908,S3-466608838,S3-637728427,S2-669592937,S3-706776572,S3-729149715,S2-220364991,S2-377007018,S3-842050572,S2-654482624,S2-764115199,S2-570733882,S2-72014516,S3-221096361,S3-632816231,S2-131847608,S2-134311630,S2-265443683,S2-717204824,S3-883277659,S3-949914661,S3-705132017,S2-705279315,S2-956750827,S2-255241698,S2-520229938,S2-324457251
S1-538172429	S2-87848522,S3-913557571,S3-542611554,S2-200131581,S2-878625314,S3-572275928,S2-415971365,S3-430558930,S2-867583174,S2-400286055,S2-918225916,S3-138670825,S3-255916085,S3-335401131,S3-777780135,S3-986352932,S2-18735343,S2-997685252,S2-647786334,S3-53820602,S2-211214776,S3-226176242,S2-492689876,S3-178110742,S2-537113431,S2-950867387,S2-283690131,S2-189090611,S2-266208980,S2-281112253,S2-696573783,S3-29696026,S2-28855508,S2-52325445,S2-670266204,S2-68397989,S2-508706858,S2-182113816,S2-739992950,S2-849998288,S2-873672948,S2-117729394,S2-484485777,S3-314048466,S2-458841205,S2-818132173,S2-953209673,S2-46299433,S2-478048223,S2-614719624,S2-690461205,S3-507672264,S2-1069422,S2-38149082
S1-328484868	S3-577334831,S2-392865071,S3-12888271,S2-740545769,S2-453701041,S2-934121225,S3-775735560,S2-338288740,S3-84583186,S3-832190052,S3-697255890,S2-151080447,S3-817377821,S3-578107952,S3-203406184,S2-302722256,S2-554594880,S3-645561459,S2-984769880,S3-483838723,S3-494902065,S2-687440458,S2-227347141,S2-884042163,S3-284796702,S2-38341239,S2-873071197,S3-277216837,S2-676996379,S2-728703343,S3-763496911,S2-91462088,S2-248925245,S2-876426051,S3-681482482,S3-125661009,S3-999414270,S2-616814626,S3-999407612,S2-337627877,S2-599171784
S1-759420881	S2-939414724,S2-280059423,S3-429964199,S3-803216576,S2-126067459,S3-149870696,S2-730612411,S3-193901121,S2-711299161,S2-432075492,S2-577169147,S2-617536358,S2-245028709,S3-124791237,S2-895137678,S3-527226480,S2-346972161,S2-612865440,S2-909512087,S2-482457477,S2-524647524,S2-132727640,S2-644263140,S2-68117185,S2-684647196,S2-44691493,S2-140392613,S2-586332224,S3-270548707,S3-305450080
S1-315151464	S2-937181961,S3-696701128,S2-711412167,S3-578176316,S3-866153177,S3-613688844,S2-133611852,S2-554268192,S3-138996865,S3-405410284,S3-874010834,S3-737010341,S3-74937419,S3-788563509,S2-28753516,S3-367960867,S3-865698999,S2-825965161,S2-68397989,S2-146163950,S3-980733028,S2-48139807,S3-891820471,S2-890544495,S2-998572590,S3-218695328,S2-805360531,S2-112974591,S2-644172873,S3-259407794,S3-250383882,S3-666235338,S2-126596796,S3-235128964,S3-671532893,S3-121870804,S3-142632411,S2-914084304,S3-567007485,S2-860290363,S3-947397377,S2-822621379,S2-79632662,S2-127541267,S2-325023754,S3-842722388,S3-195044772,S3-128576914,S2-135648414,S3-918140831,S3-473071654,S2-357704687,S3-929777090,S2-967857635
S1-542392575	S2-426644377,S3-267268081,S3-57181682,S3-216760335,S2-230279007,S3-893800966,S3-813911172,S3-383834792,S2-736248886,S3-229175718,S3-898679250,S2-221406341,S2-183434475,S3-370515957,S2-89225724,S2-277256085,S2-122135213,S2-383805314,S2-458000991,S2-462273923,S2-594207641,S2-661497856,S2-751927754,S2-947930749,S2-124998992,S2-155065181
S1-196021261	S2-633952529,S3-123089033,S3-329839709,S2-434984281,S2-11490084,S2-9795667,S2-212199321,S2-498730059,S2-529570083,S3-297193740,S3-679287962,S2-388320428,S2-554844900,S2-72014516,S2-436169257,S2-394935023,S3-723919178,S2-763987500,S2-234042428,S2-467056898,S2-387543670,S3-43771379,S2-956464324,S2-320211304,S2-382336795,S2-651757076,S2-902750523,S2-663035314,S2-206215900,S2-525745609,S3-621421636,S2-1069422,S2-217824215,S2-293886566,S2-328119663
S1-336997723	S2-552987885,S2-620553527,S2-444776297,S3-429338808,S2-757278459,S2-666772628,S2-825965161,S2-827313615,S2-160163104,S3-862342205,S2-646479444,S2-110879481,S3-824904449,S3-314048466,S2-822136267,S2-569547278,S2-924945969,S2-961376529,S3-516003825,S2-511233314,S2-758561571,S2-357351765,S2-328819824,S2-643946098,S2-997685252,S3-655765276,S2-82098399,S3-860720225,S3-105963730,S2-660037022,S3-947500031,S3-258602386,S2-520506500,S3-852808639,S2-458841205,S2-665923645,S2-671469605,S3-234738677,S3-239636657,S2-760180251,S2-183779262,S2-542622680
S1-475780462	S3-333769538,S2-583159522,S3-343005706,S3-484610818,S2-164515753,S2-30784388,S3-721002948,S2-516966210,S2-166697115,S2-868401175,S2-689803475,S3-292672866,S3-32029110,S3-275047655,S3-444700233,S2-666865308,S2-746584793,S3-905909682,S3-956667999,S3-187858862,S2-558690420,S2-262246394,S2-467083395,S2-553478682,S2-76433795,S2-121850609,S2-466675669,S2-553022302,S2-134906875,S3-557360813,S2-826544931,S2-953639271,S2-342814985,S2-836565477,S2-151425624,S2-340199325,S2-42628113,S3-15662773,S3-785642402
S1-355825506	S2-326049566,S3-809893152,S3-726283719,S3-982234834,S2-374947851,S3-104326312,S3-12621870,S2-13070715,S3-524918484,S3-957678380,S3-705728786,S2-28724667,S3-335164610,S3-580404419,S3-983593300,S2-780394567,S2-21863849,S3-143073316,S3-143379810,S2-468047715,S3-898788660,S3-569070831,S2-716118364,S3-670337714,S3-113232447,S3-726940884,S2-204059983,S3-545552330,S3-364378158,S3-365118486,S3-252155364,S2-500032869,S2-791315401,S3-801990589,S3-42027064
S1-326878571	S2-567351720,S2-133613046,S2-456984336,S2-682481850,S2-950643104,S2-877088909,S2-869084228,S2-598069607,S2-89609472,S3-368633838,S2-999043754,S2-883313882,S2-147313012,S3-838634189,S2-50843012,S3-888917196,S2-929493918,S2-161408341,S3-288136312,S3-122508176,S3-428653943,S3-982958123,S2-702084467,S2-743423846,S3-200960552,S3-218700887,S2-21830978,S2-245081242,S2-738447408,S2-613040929,S2-19321160,S2-768968425,S3-772851991,S2-714951257,S2-179904830,S2-465204400,S3-721688645,S2-399553252,S2-549316954,S2-170667711,S2-195615402,S2-199288578,S2-28093946,S2-325920121,S2-422746812,S2-455015390
S1-130607360	S2-725281890,S3-156336761,S3-427291936,S3-331919832,S3-479086850,S2-522283529,S2-731649889,S2-374719040,S2-131802163,S3-445180094,S3-928937669,S3-19783335,S2-601422475,S2-940428883,S3-748927404,S2-510491900,S2-619254005,S2-147109343,S2-525351861,S3-267612599,S3-488510516,S2-657760126,S3-570588796,S3-395719921,S2-302161715,S2-213292264,S2-285650370,S2-745523880,S2-858354896,S3-211994492,S3-574788513,S2-556505028
S1-392468643	S2-578978961,S3-313537536,S2-783690348,S3-839358550,S2-28581878,S3-377766405,S3-250484632,S3-290398669,S2-122883038,S2-177108888,S2-269202395,S2-813336031,S2-92962900,S3-867798008,S2-147237168,S2-784944452,S3-325798136,S3-801038816,S3-92806113,S2-780955432,S2-333705841,S2-782195473,S3-250783301,S3-565690302,S3-590226480,S3-859361823,S3-979868435,S3-917395068,S2-641893389,S2-780947586,S2-920943157,S2-945357046,S2-216565361,S2-600496218,S3-518444684,S2-411247885,S2-241908719,S2-327999885,S2-149492133,S2-485478249,S2-615702736,S2-795577857,S2-122255487,S2-158814706,S2-183582879,S2-211393601,S2-225891148,S2-241646210,S2-265497800,S2-440895323,S2-460305361,S2-57634325,S2-684663630,S2-689562426,S2-727348581
S1-92083820	S3-704842593,S2-709357382,S2-412141814,S2-380422647,S2-813808763,S2-290828268,S2-307638112,S3-173158971,S3-722184823,S2-239137344,S2-349848,S3-112844202,S3-883279089,S2-983936057,S2-669430640,S3-291120068,S3-91366188,S3-899192473,S2-240309710,S2-861979543,S3-191210879,S3-386459314,S3-438482348,S2-191668837,S2-991194114,S2-993024166,S2-842992138,S3-583112316,S2-503717022,S3-915964875,S2-382372158,S3-175820249,S2-747685386,S3-322638816,S2-544675895,S2-910546871,S3-31283784,S2-646065181,S2-854703236,S2-558209173,S3-143180638,S3-40318350,S3-506232103,S2-107331464,S2-213397791,S2-826584049,S2-651204060,S3-221297240,S2-300220843,S2-862062914,S3-326221214,S2-620874008,S2-438520791,S2-613230300,S3-224547275,S2-672366556,S3-623959851,S2-899306225
S1-571614447	S2-358903335,S3-125456814,S3-859703633,S3-695718257,S3-770372410,S2-966740996,S3-220586022,S3-229806487,S2-426931550,S3-237873652,S2-108778785,S3-994963795,S2-117815377,S2-248121488,S2-417874841,S2-291512562,S3-655618597,S2-451734059,S2-777334182,S2-870644121,S2-910546871,S3-820810321,S2-431526955,S2-876120529,S2-854405874,S3-809012832
S1-20363275	S3-975399217,S2-300450250,S2-825304996,S3-390214233,S3-733786943,S2-709637686,S3-552614104,S2-645997376,S2-961640863,S3-733530524,S2-739630226,S3-277762779,S3-673586572,S2-19075506,S2-392284995,S2-45199094,S2-48571310,S2-574461794,S2-703504021,S2-711226965,S2-785398887,S2-790940737,S3-146918993,S3-205564521,S3-235018566,S2-327416248,S2-537266745,S2-573216961,S3-120034783,S2-239631384,S2-508040101,S3-217386018
S1-923638972	S2-257434458,S3-576948340,S3-379319611,S3-334196164,S2-184661326,S3-496725749,S2-35868794,S2-634103200,S3-139702853,S2-806198333,S2-392065962,S2-564226914,S3-275402594,S2-358724081,S3-624217981,S3-673882322,S2-685213879,S3-197995039,S3-229462616,S3-91854946,S3-866323315,S3-519983086,S2-368466361,S2-475038352,S2-249296501,S2-264056522,S2-360007993,S2-48423582,S2-809754300,S2-135563096,S2-147062682,S2-202331504,S2-209758739,S2-216149204,S2-311971756,S2-357511224,S2-403614376,S2-416086698,S2-418690467,S2-529249008,S2-535322466,S2-541513222
S1-412767091	S2-410234199,S3-956047758,S2-482258780,S2-646265439,S2-600801997,S2-988346611,S3-405797489,S3-31550670,S3-289986154,S3-740471913,S3-79769825,S2-798735848,S3-567198830,S3-970939690,S3-578991083,S2-956592169,S3-241791933,S2-667411450,S3-460949616,S3-320314959,S3-731783426,S2-645014546,S2-353314819,S2-198208453,S3-936815194,S3-35289208,S2-368283295,S2-862828479,S2-95562548,S3-67499233,S3-607438917,S2-682016022,S3-796356,S2-146413778,S2-577968162,S3-852808639,S2-691666356,S3-729418189,S2-260709587,S2-75004579,S2-592116734,S3-220409153,S2-87266340,S3-210663709,S2-963803736,S3-512120899,S2-216412989,S2-944655321,S2-587194391,S3-603656966,S3-908967409,S2-753550727
